	title	link	salary_min	salary_max	salary_currency	source
0	Бортпроводник	https://hh.ru/vacancy/48216243		110000.0	руб.	hh.ru
1	Менеджер по работе с аккаунтами Wildberries	https://hh.ru/vacancy/51714916	50000.0	80000.0	руб.	hh.ru
2	Консультант чат-поддержки Медиасервисов (КиноПоиск; Афиша; Музыка; Плюс)	https://hh.ru/vacancy/51058915		20000.0	руб.	hh.ru
3	Водитель-экспедитор / Курьер	https://hh.ru/vacancy/51482898	82960.0	101726.0	руб.	hh.ru
4	Менеджер по сопровождению клиентов УДАЛЕННО	https://hh.ru/vacancy/49407236	70000.0	135000.0	руб.	hh.ru
5	Комплектовщик/комплектовщица на склад	https://hh.ru/vacancy/51635200	97000.0	150000.0	руб.	hh.ru
6	Управляющий на яхту (Purser)	https://hh.ru/vacancy/51860732	2500.0	3000.0	EUR	hh.ru
7	Бухгалтер по выписке накладных	https://hh.ru/vacancy/51646096		1450.0	бел.руб.	hh.ru
8	Заботливый куратор в Арт-школу и студию	https://hh.ru/vacancy/51859137		35000.0	руб.	hh.ru
9	Комплектовщик-Упаковщик; Москва	https://hh.ru/vacancy/50646214	80000.0	105000.0	руб.	hh.ru
10	Product Manager в международный проект	https://hh.ru/vacancy/51651398	220000.0	250000.0	руб.	hh.ru
11	Работник склада	https://hh.ru/vacancy/51907047	180000.0	250000.0	KZT	hh.ru
12	Специалист по выписке счетов-фактур	https://hh.ru/vacancy/51843491	1000.0	2500.0	бел.руб.	hh.ru
13	Administrative Operations Manager / Операционный менеджер	https://hh.ru/vacancy/51207048		1500.0	USD	hh.ru
14	Оператор call-центра (на дому)	https://hh.ru/vacancy/51623154		40000.0	руб.	hh.ru
15	Junior UX/UI designer	https://hh.ru/vacancy/51615129				hh.ru
16	Кассир	https://hh.ru/vacancy/51608606		162688.0	KZT	hh.ru
17	Личный помощник руководителя	https://hh.ru/vacancy/51598590	1500.0	2600.0	бел.руб.	hh.ru
18	Руководитель проекта	https://hh.ru/vacancy/51752339	250000.0	400000.0	руб.	hh.ru
19	Менеджер по работе с клиентами (Guest Relation Manager)	https://hh.ru/vacancy/51861870		2000.0	EUR	hh.ru
20	Помощник администратора в игорный клуб	https://hh.ru/vacancy/50784234		1000.0	бел.руб.	hh.ru
21	Старший администратор стойки регистрации	https://hh.ru/vacancy/51640041		80000.0	руб.	hh.ru
22	Продавец-консультант	https://hh.ru/vacancy/51768917	120000.0	250000.0	KZT	hh.ru
23	Главный администратор клиники	https://hh.ru/vacancy/51793973	100000.0	150000.0	руб.	hh.ru
24	Сторис менеджер/мобилограф/смм менеджер	https://hh.ru/vacancy/51794688	130000.0	200000.0	KZT	hh.ru
25	Менеджер по продаже недвижимости (новостройки)	https://hh.ru/vacancy/47088161	80000.0	350000.0	руб.	hh.ru
26	Менеджер по сопровождению клиентов УДАЛЕННО	https://hh.ru/vacancy/49689212	70000.0	135000.0	руб.	hh.ru
27	Комплектовщик/Сборщик фармацевтической продукции	https://hh.ru/vacancy/46116722	60000.0	200000.0	руб.	hh.ru
28	Младший гейм-дизайнер	https://hh.ru/vacancy/50096411	40000.0	55000.0	руб.	hh.ru
29	Продавец магазина re:Stor‎e (Apple Premium Reseller) в ТЦ Цветной	https://hh.ru/vacancy/50852199	70000.0	100000.0	руб.	hh.ru
30	Рабочий на производство	https://hh.ru/vacancy/51103034	40000.0	60000.0	руб.	hh.ru
31	Начинающий менеджер по интернет-рекламе	https://hh.ru/vacancy/51359208	40000.0	90000.0	руб.	hh.ru
32	Санитарка/Санитар	https://hh.ru/vacancy/51608445		175000.0	KZT	hh.ru
33	Упаковщица/упаковщик	https://hh.ru/vacancy/51767182		35000.0	руб.	hh.ru
34	Личный водитель/охранник	https://hh.ru/vacancy/51777725	130000.0	150000.0	руб.	hh.ru
35	Проектировщик Автокад	https://hh.ru/vacancy/51849588	800.0	2000.0	бел.руб.	hh.ru
36	Сотрудник Распределительного центра	https://hh.ru/vacancy/45715051		65000.0	руб.	hh.ru
37	Дизайнер	https://hh.ru/vacancy/51608594		500000.0	KZT	hh.ru
38	Курьер по округу (график свободный)	https://hh.ru/vacancy/51923125	60000.0	100000.0	руб.	hh.ru
39	Ревизор КРО	https://hh.ru/vacancy/51283735	66000.0	72000.0	руб.	hh.ru
40	Менеджер зала в клуб	https://hh.ru/vacancy/51655397	80000.0	200000.0	руб.	hh.ru
41	Менеджер по продажам (Волк с Уолл-Стрит)	https://hh.ru/vacancy/51621830	80000.0	1100000.0	руб.	hh.ru
42	Менеджер по продажам	https://hh.ru/vacancy/51418443		120000.0	руб.	hh.ru
43	Продавец-консультант	https://hh.ru/vacancy/50730538	200000.0	400000.0	KZT	hh.ru
44	Бизнес-ассистент/помощник руководителя	https://hh.ru/vacancy/51848408	70000.0	100000.0	руб.	hh.ru
45	Специалист по планированию	https://hh.ru/vacancy/50892500		71000.0	руб.	hh.ru
46	Бухгалтер на первичную документацию	https://hh.ru/vacancy/50958338	60000.0	80000.0	руб.	hh.ru
47	Секретарь-референт руководителя	https://hh.ru/vacancy/51358259		1400.0	бел.руб.	hh.ru
48	Торговый агент/мерчендайзер на легкую продукцию	https://hh.ru/vacancy/51619299	52000.0	52000.0	руб.	hh.ru
49	Ассистент врача-стоматолога	https://hh.ru/vacancy/51782964	40000.0	60000.0	руб.	hh.ru
50	Менеджер по закупкам	https://hh.ru/vacancy/51830437	5000000.0	10000000.0	сум	hh.ru
51	Менеджер по продажам	https://hh.ru/vacancy/51335321	300000.0	700000.0	KZT	hh.ru
52	Менеджер по продажам стоматологических товаров B2B (элайнеры)	https://hh.ru/vacancy/51766852		80000.0	руб.	hh.ru
53	Маляр по дереву	https://hh.ru/vacancy/51888288	60000.0	80000.0	руб.	hh.ru
54	Комплектовщик	https://hh.ru/vacancy/45816933	1000.0	2300.0	бел.руб.	hh.ru
55	Менеджер поддержки (Call-center)	https://hh.ru/vacancy/51768972	250000.0	300000.0	KZT	hh.ru
56	Медиабайер/рекламный специалист	https://hh.ru/vacancy/51811237	20000.0	200000.0	руб.	hh.ru
57	SMM-менеджер	https://hh.ru/vacancy/51645370	150000.0	300000.0	KZT	hh.ru
58	Торговый агент/мерчендайзер на легкую продукцию	https://hh.ru/vacancy/51836892		52000.0	руб.	hh.ru
59	Менеджер по продажам	https://hh.ru/vacancy/51604308	35450.0	78590.0	KGS	hh.ru
60	Кассир-операционист	https://hh.ru/vacancy/51785132		3500000.0	сум	hh.ru
61	Менеджер по работе с маркетплейсами	https://hh.ru/vacancy/50988081		100000.0	руб.	hh.ru
62	Помощник менеджера по продажам (входящие обращения)	https://hh.ru/vacancy/51027227	75000.0	120000.0	руб.	hh.ru
63	Администратор йога-студия	https://hh.ru/vacancy/50659972		45000.0	руб.	hh.ru
64	Customer Support Manager (чаты)	https://hh.ru/vacancy/51785428	17000.0	25000.0	грн.	hh.ru
65	2D/3D Artist	https://hh.ru/vacancy/51913335		4000.0	USD	hh.ru
66	Офисный рабочий	https://hh.ru/vacancy/50402826	40000.0	100000.0	руб.	hh.ru
67	Финансовый директор	https://hh.ru/vacancy/51774756	150000.0	200000.0	руб.	hh.ru
68	Куратор в образовательный центр	https://hh.ru/vacancy/50980204		160000.0	KZT	hh.ru
69	Менеджер	https://hh.ru/vacancy/51484739	80000.0	120000.0	руб.	hh.ru
70	Начинающий специалист	https://hh.ru/vacancy/50815064		48000.0	руб.	hh.ru
71	Директор магазина	https://hh.ru/vacancy/51909841		110000.0	руб.	hh.ru
72	Ассистент менеджера/Администратор	https://hh.ru/vacancy/51764219	4300000.0	4300000.0	сум	hh.ru
73	Продавец-консультант в бутик нишевой парфюмерии	https://hh.ru/vacancy/51627098	150000.0	350000.0	KZT	hh.ru
74	Няня для девочки 7 месяцев	https://hh.ru/vacancy/51918303	70000.0	140000.0	руб.	hh.ru
75	Директор по развитию	https://hh.ru/vacancy/51640352		300000.0	KZT	hh.ru
76	Менеджер отдела контроля качества ОКК (удалённо)	https://hh.ru/vacancy/51924154	52000.0	70000.0	руб.	hh.ru
77	Продавец-консультант в музыкальный магазин	https://hh.ru/vacancy/51850243	150000.0	170000.0	KZT	hh.ru
78	Менеджер по тендерам	https://hh.ru/vacancy/51692443	250000.0	1000000.0	KZT	hh.ru
79	Специалист по документообороту и КДП с функцией офис-менеджера	https://hh.ru/vacancy/51846767				hh.ru
80	Помощник администратора	https://hh.ru/vacancy/51809921	30000.0	40000.0	руб.	hh.ru
81	Заместитель начальника службы охраны	https://hh.ru/vacancy/51880485		1300.0	бел.руб.	hh.ru
82	Заведующий складом	https://hh.ru/vacancy/51899845		5000000.0	сум	hh.ru
83	Консультант	https://hh.ru/vacancy/50789416	160000.0	300000.0	KZT	hh.ru
84	Брокер по элитной недвижимости	https://hh.ru/vacancy/46362604	250000.0	1000000.0	руб.	hh.ru
85	Специалист по расчетам и вводу данных	https://hh.ru/vacancy/51273776	30000.0	30000.0	руб.	hh.ru
86	Секретарь на ресепшен	https://hh.ru/vacancy/48974133	76000.0	76000.0	руб.	hh.ru
87	Оператор телефонных продаж	https://hh.ru/vacancy/50400881		38000.0	руб.	hh.ru
88	Торговый представитель	https://hh.ru/vacancy/51875078	265000.0	600000.0	KZT	hh.ru
89	Повар	https://hh.ru/vacancy/50512190		60000.0	руб.	hh.ru
90	Менеджер по продажам/специалист отдела продаж/помощник менеджера	https://hh.ru/vacancy/50946303		2150.0	бел.руб.	hh.ru
91	Тестовая вакансия QA для тестирования // Не откликайтесь	https://hh.ru/vacancy/51693996		20000.0	руб.	hh.ru
92	Бухгалтер -консультант (удаленно)	https://hh.ru/vacancy/51774464	50000.0	60000.0	руб.	hh.ru
93	Менеджер по подбору персонала / HR-менеджер ( Не массовый подбор)	https://hh.ru/vacancy/50629373		86000.0	руб.	hh.ru
94	Менеджер по работе с клиентами	https://hh.ru/vacancy/51739196	200.0	1000.0	USD	hh.ru
95	Администратор в стоматологию (отдел заботы)	https://hh.ru/vacancy/51787458		60000.0	руб.	hh.ru
96	Куратор в международную школу программирования для детей	https://hh.ru/vacancy/51906685	200000.0	300000.0	KZT	hh.ru
97	Юрист (юрисконсульт)	https://hh.ru/vacancy/51521056	80000.0	100000.0	руб.	hh.ru
98	Водитель-курьер на служебном автомобиле Ford Transit	https://hh.ru/vacancy/51841661	80000.0	130000.0	руб.	hh.ru
99	Менеджер по работе с ключевыми клиентами малого бизнеса	https://hh.ru/vacancy/45790891		110000.0	руб.	hh.ru
100	Операционный директор	https://hh.ru/vacancy/51892526	120.0	200.0	руб.	hh.ru
101	Менеджер по закупкам	https://hh.ru/vacancy/50693710	90000.0	110000.0	руб.	hh.ru
102	"Менеджер в проект Take Eat Easy Group ресторан ""LOYO"""	https://hh.ru/vacancy/51716389		350000.0	KZT	hh.ru
103	Менеджер\оператор колл центра	https://hh.ru/vacancy/49215176	35000.0	100000.0	руб.	hh.ru
104	Менеджер интернет-магазина	https://hh.ru/vacancy/50807377		50000.0	руб.	hh.ru
105	Аналитик (техническая документация)	https://hh.ru/vacancy/51720768		60000.0	руб.	hh.ru
106	Разработчик на C#/C++ (Junior)	https://hh.ru/vacancy/51910107				hh.ru
107	Менеджер интернет-магазина СберМегаМаркет	https://hh.ru/vacancy/51402753		25000.0	руб.	hh.ru
108	Ученик переплетчика-станочника в типографию	https://hh.ru/vacancy/50781054	900.0	1600.0	бел.руб.	hh.ru
109	Руководитель отдела продаж	https://hh.ru/vacancy/51828263	300000.0	700000.0	KZT	hh.ru
110	Менеджер по продажам / Менеджер по работе с клиентами	https://hh.ru/vacancy/51859691	52000.0	85000.0	руб.	hh.ru
111	Бариста (Центральный район)	https://hh.ru/vacancy/51849949		42000.0	руб.	hh.ru
112	Оператор по проверке контента	https://hh.ru/vacancy/51624832		35000.0	руб.	hh.ru
113	Кладовщик-комплектовщик (склад инструментов)	https://hh.ru/vacancy/48854208		83000.0	руб.	hh.ru
114	Менеджер по обработке входящих заявок	https://hh.ru/vacancy/48520865	1400.0	1800.0	бел.руб.	hh.ru
115	Руководитель отдела продаж; г. Нижний Новгород	https://hh.ru/vacancy/51831275	75000.0	250000.0	руб.	hh.ru
116	SMM-менеджер иностранного бренда одежды	https://hh.ru/vacancy/51875921		100000.0	руб.	hh.ru
117	Помощник главного бухгалтера	https://hh.ru/vacancy/51640864		200000.0	KZT	hh.ru
118	Менеджер по продажам интернет-магазина	https://hh.ru/vacancy/51882923	1000.0	1200.0	бел.руб.	hh.ru
119	Кассир в Ломбард	https://hh.ru/vacancy/50789723	160000.0	300000.0	KZT	hh.ru
120	Менеджер по кадровому делопроизводству	https://hh.ru/vacancy/51628143	60000.0	65000.0	руб.	hh.ru
121	Разработчик Python	https://hh.ru/vacancy/51801847				hh.ru
122	Офис-менеджер/Личный помощник руководителя	https://hh.ru/vacancy/51636129				hh.ru
123	Координатор отдела (отдел эффективности маркетинга и продаж)	https://hh.ru/vacancy/51777611				hh.ru
124	Бухгалтер	https://hh.ru/vacancy/51882067		1300.0	бел.руб.	hh.ru
125	Оператор обработки заказов	https://hh.ru/vacancy/50541429		50000.0	руб.	hh.ru
126	Product Manager	https://hh.ru/vacancy/51448523	260000.0	340000.0	руб.	hh.ru
127	Замерщик жалюзи	https://hh.ru/vacancy/51534238	250000.0	500000.0	KZT	hh.ru
128	Руководитель проекта (деревообрабатывающее производство)	https://hh.ru/vacancy/51808675	300000.0	500000.0	руб.	hh.ru
129	Инженер-энергетик по электрооборудованию / ДГУ; ГГУ - участие в тендерах	https://hh.ru/vacancy/51653324		200000.0	руб.	hh.ru
130	Водитель с личным автомобилем	https://hh.ru/vacancy/46115399	110000.0	170000.0	руб.	hh.ru
131	Специалист голосовой поддержки пользователей	https://hh.ru/vacancy/50581529	31500.0	38000.0	руб.	hh.ru
132	Монтажник /рабочий	https://hh.ru/vacancy/49819393	1500.0	3500.0	бел.руб.	hh.ru
133	Менеджер по продажам от застройщиков (Входящие звонки) / Агент по недвижимости / Риэлтор	https://hh.ru/vacancy/51838980	91000.0	360000.0	руб.	hh.ru
134	Администратор Ателье	https://hh.ru/vacancy/51842942	150000.0	300000.0	KZT	hh.ru
135	Руководитель отдела закупа	https://hh.ru/vacancy/51830941	450000.0	760000.0	KZT	hh.ru
136	Водитель-экспедитор (торговые автоматы)	https://hh.ru/vacancy/50499192		100000.0	руб.	hh.ru
137	Оператор терминала (работник склада)	https://hh.ru/vacancy/50797860	35000.0	43000.0	руб.	hh.ru
138	Пеший курьер (доставка документов)	https://hh.ru/vacancy/51764695	35000.0	55000.0	руб.	hh.ru
139	Хостес	https://hh.ru/vacancy/51270751	120000.0	160000.0	руб.	hh.ru
140	Менеджер по продажам спецтехники	https://hh.ru/vacancy/51804470	200000.0	500000.0	KZT	hh.ru
141	Менеджер склада	https://hh.ru/vacancy/51639953	150000.0	180000.0	KZT	hh.ru
142	Финансовый менеджер	https://hh.ru/vacancy/51853419	90000.0	100000.0	руб.	hh.ru
143	Офис-менеджер	https://hh.ru/vacancy/50876163		60000.0	руб.	hh.ru
144	Специалист по подбору персонала / Рекрутер	https://hh.ru/vacancy/51652730				hh.ru
145	Менеджер по внутреннему туризму	https://hh.ru/vacancy/51499227		180000.0	KZT	hh.ru
146	Менеджер интернет-магазина	https://hh.ru/vacancy/51689795	55000.0	85000.0	руб.	hh.ru
147	Офис-менеджер / Секретарь	https://hh.ru/vacancy/51738207	50000.0	50000.0	руб.	hh.ru
148	Корпоративный юрист (удаленно)	https://hh.ru/vacancy/51859972	45000.0	50000.0	руб.	hh.ru
149	Главный бухгалтер в единственном лице	https://hh.ru/vacancy/51891222	80000.0	90000.0	руб.	hh.ru
150	Специалист отдела кадров	https://hh.ru/vacancy/51639935				hh.ru
151	Инженер-строитель	https://hh.ru/vacancy/51697137				hh.ru
152	Интернет-маркетолог/web-аналитик	https://hh.ru/vacancy/51643745	400000.0	600000.0	KZT	hh.ru
153	Сборщик грибов	https://hh.ru/vacancy/50927150	40000.0	70000.0	руб.	hh.ru
154	Бухгалтер	https://hh.ru/vacancy/51377291		70000.0	руб.	hh.ru
155	Cпециалист поддержки (удаленно)	https://hh.ru/vacancy/50733429		40000.0	руб.	hh.ru
156	Водитель-курьер на личном автомобиле	https://hh.ru/vacancy/50017353		100000.0	руб.	hh.ru
157	Охранник	https://hh.ru/vacancy/51614110	42000.0	58000.0	руб.	hh.ru
158	Начальник склада	https://hh.ru/vacancy/51690213		100000.0	руб.	hh.ru
159	Курьер-закупщик	https://hh.ru/vacancy/51756230	100000.0	300000.0	KZT	hh.ru
160	Руководитель Технического Заказчика	https://hh.ru/vacancy/51751428	250000.0	300000.0	руб.	hh.ru
161	Проверяющий системы безопасности	https://hh.ru/vacancy/51901849		1200.0	бел.руб.	hh.ru
162	Менеджер по делопроизводству - ассистент руководителя	https://hh.ru/vacancy/51847602	150000.0	250000.0	KZT	hh.ru
163	Юрист начального уровня (стажёр) по молодежной практике	https://hh.ru/vacancy/51691270	107205.0	107205.0	KZT	hh.ru
164	Продавец-кассир	https://hh.ru/vacancy/51603453	150000.0	175000.0	KZT	hh.ru
165	Оператор отдела продаж	https://hh.ru/vacancy/51697709		50000.0	руб.	hh.ru
166	Специалист по таможенному декларированию	https://hh.ru/vacancy/51224701		1400.0	бел.руб.	hh.ru
167	Менеджер по продажам дронов; роботов; фото-видеотехники в DRONE.kz	https://hh.ru/vacancy/51404713		300000.0	KZT	hh.ru
168	Уборщик офисных помещений	https://hh.ru/vacancy/51640457	700.0	1000.0	бел.руб.	hh.ru
169	Супервайзер торговых представителей	https://hh.ru/vacancy/51699441	250000.0	400000.0	KZT	hh.ru
170	Тренер по практической стрельбе	https://hh.ru/vacancy/51852385	70000.0	110000.0	руб.	hh.ru
171	Менеджер ресторана	https://hh.ru/vacancy/51654813	55000.0	70000.0	руб.	hh.ru
172	Бухгалтер	https://hh.ru/vacancy/51768815		1500.0	бел.руб.	hh.ru
173	Офис менеджер	https://hh.ru/vacancy/51854456	60000.0	60000.0	руб.	hh.ru
174	Персональный водитель категории B на своем автомобиле	https://hh.ru/vacancy/51772736		1500.0	бел.руб.	hh.ru
175	Управляющий рестораном	https://hh.ru/vacancy/51776776	400000.0	550000.0	KZT	hh.ru
176	Менеджер по рекламе	https://hh.ru/vacancy/51839225	310000.0	400000.0	KZT	hh.ru
177	Специалист технической поддержки (удаленно)	https://hh.ru/vacancy/50486515		60000.0	руб.	hh.ru
178	Специалист обработки входящих обращений	https://hh.ru/vacancy/50945847		50000.0	руб.	hh.ru
179	Кладовщик (м. Строгино)	https://hh.ru/vacancy/51652964		60000.0	руб.	hh.ru
180	Ассистент Преподавателя (Academic Support)	https://hh.ru/vacancy/49126926	5000000.0	6000000.0	сум	hh.ru
181	Стажер / менеджер по работе с клиентами в рекламное агентство	https://hh.ru/vacancy/51649806	50000.0	120000.0	руб.	hh.ru
182	Графический дизайнер	https://hh.ru/vacancy/50520114		39560.0	руб.	hh.ru
183	HR менеджер	https://hh.ru/vacancy/51838609	200000.0	300000.0	KZT	hh.ru
184	Продавец-консультант	https://hh.ru/vacancy/49750855		2500000.0	сум	hh.ru
185	Консультант Тинькофф Банк	https://hh.ru/vacancy/50806863		44000.0	руб.	hh.ru
186	Менеджер по продажам в международный отдел	https://hh.ru/vacancy/51313789		200000.0	руб.	hh.ru
187	Специалист склада / Кладовщик	https://hh.ru/vacancy/51723078		50000.0	руб.	hh.ru
188	Администратор магазина Nike	https://hh.ru/vacancy/40808408				hh.ru
189	Менеджер по продажам расходных материалов	https://hh.ru/vacancy/51867994	70000.0	250000.0	руб.	hh.ru
190	Упаковщик\упаковщица (м.Саларьево)	https://hh.ru/vacancy/50651358	60000.0	65000.0	руб.	hh.ru
191	Водитель-экспедитор	https://hh.ru/vacancy/51734465	1500.0	2300.0	бел.руб.	hh.ru
192	Продавец	https://hh.ru/vacancy/51634702	165000.0	250000.0	KZT	hh.ru
193	Ведущий инженер-конструктор	https://hh.ru/vacancy/51686972	100000.0	150000.0	руб.	hh.ru
194	Помощник руководителя	https://hh.ru/vacancy/51366096		67000.0	руб.	hh.ru
195	Менеджер по продажам металлопроката (без поиска)	https://hh.ru/vacancy/51603477	50000.0	70000.0	руб.	hh.ru
196	Менеджер	https://hh.ru/vacancy/49230162		100000.0	руб.	hh.ru
197	Менеджер по подбору персонала	https://hh.ru/vacancy/51769792		80000.0	руб.	hh.ru
198	Официантка/Официант г. Москва	https://hh.ru/vacancy/48789528	90000.0	150000.0	руб.	hh.ru
199	Графический дизайнер	https://hh.ru/vacancy/51830830	200000.0	250000.0	KZT	hh.ru
200	Менеджер по продажам рекламы	https://hh.ru/vacancy/38756232	70000.0	130000.0	руб.	hh.ru
201	Продавец-консультант	https://hh.ru/vacancy/50747889		30000.0	руб.	hh.ru
202	Графический дизайнер	https://hh.ru/vacancy/51626735		50000.0	руб.	hh.ru
203	Менеджер по продажам УДАЛЕННО (работа из дома)	https://hh.ru/vacancy/50229242	70000.0	150000.0	руб.	hh.ru
204	Заместитель директора по логистике	https://hh.ru/vacancy/51682259				hh.ru
205	Логист	https://hh.ru/vacancy/51846185				hh.ru
206	Менеджер по продажам мужской обуви	https://hh.ru/vacancy/51757177	200000.0	350000.0	KZT	hh.ru
207	Менеджер по продажам / Продавец-консультант	https://hh.ru/vacancy/44180052	250000.0	500000.0	KZT	hh.ru
208	Продавец-консультант	https://hh.ru/vacancy/46914456	2500000.0	11000000.0	сум	hh.ru
209	Специалист по персоналу /HR менеджер	https://hh.ru/vacancy/49461533		1500.0	бел.руб.	hh.ru
210	Менеджер по работе с клиентами/администратор языковых курсов (удаленно)	https://hh.ru/vacancy/51858978	45000.0	55000.0	руб.	hh.ru
211	"Продавец-консультант в ТД ""Алем"""	https://hh.ru/vacancy/51773012	180000.0	400000.0	KZT	hh.ru
212	Начинающий специалист (удаленно)	https://hh.ru/vacancy/49974246		48000.0	руб.	hh.ru
213	Сборщик онлайн заказов	https://hh.ru/vacancy/51321996	31500.0	45000.0	руб.	hh.ru
214	Исполнительный директор	https://hh.ru/vacancy/51876305				hh.ru
215	Ассистент отдела закупок	https://hh.ru/vacancy/51696137	45000.0	60000.0	руб.	hh.ru
216	Product Manager	https://hh.ru/vacancy/51840740				hh.ru
217	Менеджер по работе с клиентами	https://hh.ru/vacancy/51731313	70000.0	200000.0	руб.	hh.ru
218	Специалист по логистике	https://hh.ru/vacancy/50553261	65000.0	75000.0	руб.	hh.ru
219	Менеджер интернет-магазина / помощник менеджера	https://hh.ru/vacancy/51775463	30000.0	60000.0	руб.	hh.ru
220	Менеджер колл-центра	https://hh.ru/vacancy/51899445	150000.0	250000.0	KZT	hh.ru
221	Официантка/Официант (в женский разряд бань)	https://hh.ru/vacancy/50108512		65000.0	руб.	hh.ru
222	Инженер ПТО	https://hh.ru/vacancy/51896687	90000.0	110000.0	руб.	hh.ru
223	Чертёжник/Помощник архитектора/дизайнера	https://hh.ru/vacancy/51727970	50000.0	70000.0	руб.	hh.ru
224	Менеджер по закупкам (Спортивные товары)	https://hh.ru/vacancy/51834286	100000.0	150000.0	руб.	hh.ru
225	Менеджер отдела импорта (алкогольная продукция)	https://hh.ru/vacancy/49475162		150000.0	руб.	hh.ru
226	Менеджер отдела продаж (удалённо)	https://hh.ru/vacancy/50925411	100000.0	150000.0	руб.	hh.ru
227	Менеджер по продажам	https://hh.ru/vacancy/50922699		50000.0	руб.	hh.ru
228	Разработчик чат-ботов	https://hh.ru/vacancy/51759280		180000.0	KZT	hh.ru
229	Водитель-курьер на личном автомобиле	https://hh.ru/vacancy/50798211	35000.0	96000.0	руб.	hh.ru
230	Руководитель отдела продаж ювелирной компании	https://hh.ru/vacancy/51716120		120000.0	руб.	hh.ru
231	Менеджер по продажам премиального продукта	https://hh.ru/vacancy/47454743	250000.0	600000.0	KZT	hh.ru
232	Директор по продажам	https://hh.ru/vacancy/50984151		200000.0	руб.	hh.ru
233	Кладовщик сборщик	https://hh.ru/vacancy/51887221	150000.0	200000.0	KZT	hh.ru
234	Продавец-консультант парфюмерии и косметики в Тринити	https://hh.ru/vacancy/50833252	650.0	900.0	бел.руб.	hh.ru
235	Системный администратор	https://hh.ru/vacancy/51331116	70000.0	90000.0	руб.	hh.ru
236	Специалист голосовой поддержки пользователей	https://hh.ru/vacancy/50581523	31500.0	38000.0	руб.	hh.ru
237	Специалист службы поддержки со знанием английского языка (на проект Kwork.ru)	https://hh.ru/vacancy/51007089		65000.0	руб.	hh.ru
238	Няня-гувернантка/гувернер	https://hh.ru/vacancy/50759508		100000.0	руб.	hh.ru
239	Помощник менеджера по подбору персонала	https://hh.ru/vacancy/51026888		45000.0	руб.	hh.ru
240	Региональный менеджер	https://hh.ru/vacancy/51828019	65000.0	120000.0	руб.	hh.ru
241	Специалист по закупу	https://hh.ru/vacancy/51831213	250000.0	560000.0	KZT	hh.ru
242	Ведущий бухгалтер	https://hh.ru/vacancy/51883832	70000.0	80000.0	руб.	hh.ru
243	Аккаунт-менеджер (Digital)	https://hh.ru/vacancy/49787166				hh.ru
244	Экономист	https://hh.ru/vacancy/50785182		2000.0	бел.руб.	hh.ru
245	Офис-менеджер/помощник руководителя (ВЭД; производство)	https://hh.ru/vacancy/51905438	45000.0	60000.0	руб.	hh.ru
246	Главный бухгалтер	https://hh.ru/vacancy/51614178		100000.0	руб.	hh.ru
247	Региональный менеджер по продажам	https://hh.ru/vacancy/51720882	80000.0	150000.0	руб.	hh.ru
248	Водитель на автомобиль компании	https://hh.ru/vacancy/51482897	75000.0	140000.0	руб.	hh.ru
249	Специалист по аппаратным процедурам	https://hh.ru/vacancy/51810260	60000.0	75000.0	руб.	hh.ru
250	СММ-менеджер	https://hh.ru/vacancy/51901887				hh.ru
251	Мерчандайзер	https://hh.ru/vacancy/51896938		100000.0	KZT	hh.ru
252	Персональный ассистент директора	https://hh.ru/vacancy/51916348		4000000.0	сум	hh.ru
253	Оператор терминала (работник склада)	https://hh.ru/vacancy/51849312	45000.0	55000.0	руб.	hh.ru
254	Секретарь Административного отдела	https://hh.ru/vacancy/51632348				hh.ru
255	Кладовщик-комплектовщик	https://hh.ru/vacancy/45189103		80000.0	руб.	hh.ru
256	Руководитель отдела продаж	https://hh.ru/vacancy/51586879		700000.0	KZT	hh.ru
257	Юрист	https://hh.ru/vacancy/51792321		45000.0	руб.	hh.ru
258	CG Artist / Архитектурный визуализатор	https://hh.ru/vacancy/51619776	200000.0	600000.0	KZT	hh.ru
259	Координатор проекта	https://hh.ru/vacancy/51878149				hh.ru
260	Дизайнер интерьера	https://hh.ru/vacancy/51586907		1000000.0	KZT	hh.ru
261	"Работник ""Макдоналдс"""	https://hh.ru/vacancy/51418184	48000.0	48000.0	руб.	hh.ru
262	Дизайнер	https://hh.ru/vacancy/51175237		70000.0	руб.	hh.ru
263	Бухгалтер/ Экономист/ Финансовый аналитик	https://hh.ru/vacancy/51630348				hh.ru
264	Аналитик по продажам	https://hh.ru/vacancy/51725117		130000.0	руб.	hh.ru
265	Офис-менеджер	https://hh.ru/vacancy/51881537	250.0	300.0	EUR	hh.ru
266	Бухгалтер на первичную документацию	https://hh.ru/vacancy/51834080	800.0	1200.0	бел.руб.	hh.ru
267	IT Recruiter	https://hh.ru/vacancy/51868067				hh.ru
268	Продавец-консультант магазина re:Store (Apple Premium Reseller) ТЦ Мега	https://hh.ru/vacancy/49554688		50000.0	руб.	hh.ru
269	Оператор call-центра (работа из дома)	https://hh.ru/vacancy/51076769	25000.0	40000.0	руб.	hh.ru
270	Водитель-курьер на доставку Озон Экспресс на личном автомобиле	https://hh.ru/vacancy/50952104	100000.0	180000.0	руб.	hh.ru
271	Монтажник по подключению Интернета и ТВ	https://hh.ru/vacancy/50627173	80000.0	120000.0	руб.	hh.ru
272	Администратор проекта	https://hh.ru/vacancy/51829975				hh.ru
273	Менеджер по работе с маркетплейсами (в офис)	https://hh.ru/vacancy/51009712				hh.ru
274	Инженер-метролог/Поверитель	https://hh.ru/vacancy/51852753	70000.0	120000.0	руб.	hh.ru
275	Помощник менеджера по продажам	https://hh.ru/vacancy/50744722	30000.0	40000.0	руб.	hh.ru
276	Секретарь-делопроизводитель	https://hh.ru/vacancy/51851887				hh.ru
277	Заместитель главного бухгалтера	https://hh.ru/vacancy/51828065	370000.0	370000.0	KZT	hh.ru
278	Менеджер по продажам услуг маркетплейса	https://hh.ru/vacancy/50328127	75000.0	110000.0	руб.	hh.ru
279	Продавец-консультант в биршоп	https://hh.ru/vacancy/51191421	800.0	1200.0	бел.руб.	hh.ru
280	Бренд - маркетолог	https://hh.ru/vacancy/50789964		1000.0	USD	hh.ru
281	Сборщик онлайн-заказов	https://hh.ru/vacancy/51094830	21000.0	34000.0	руб.	hh.ru
282	Финансовый контролер	https://hh.ru/vacancy/51607011				hh.ru
283	Financial Manager (PSP)	https://hh.ru/vacancy/51863838				hh.ru
284	Главный бухгалтер	https://hh.ru/vacancy/51844137		70000.0	руб.	hh.ru
285	Эксперт-оценщик	https://hh.ru/vacancy/51321904	120000.0	300000.0	KZT	hh.ru
286	Заведующий складом	https://hh.ru/vacancy/51640934	250000.0	300000.0	KZT	hh.ru
287	Торговый представитель (HoReCa)	https://hh.ru/vacancy/51645808	60000.0	100000.0	руб.	hh.ru
288	Оператор терминала (работник склада)	https://hh.ru/vacancy/50799491	31000.0	37000.0	руб.	hh.ru
289	Менеджер по продажам	https://hh.ru/vacancy/51799804	120000.0	250000.0	KZT	hh.ru
290	Руководитель направления международного образования в онлайн-школе (на Кипр)	https://hh.ru/vacancy/51130304		100000.0	руб.	hh.ru
291	Секретарь-делопроизводитель	https://hh.ru/vacancy/51902061	2600000.0	3000000.0	сум	hh.ru
292	Контент-менеджер/Content-manager	https://hh.ru/vacancy/50581495		40000.0	руб.	hh.ru
293	Главный бухгалтер Зеленоград	https://hh.ru/vacancy/50983909	150000.0	200000.0	руб.	hh.ru
294	Cтажёр-разработчик автоматизированных тестов	https://hh.ru/vacancy/51721151				hh.ru
295	Водитель-международник	https://hh.ru/vacancy/51779633		2500.0	бел.руб.	hh.ru
296	Менеджер по продажам	https://hh.ru/vacancy/51896129	120000.0	500000.0	KZT	hh.ru
297	Дизайнер - Консультант / Менеджер Проектов (Дизайн / продажи / комплектация / мебель премиум)	https://hh.ru/vacancy/51835552	150000.0	350000.0	руб.	hh.ru
298	Оператор станка с ЧПУ	https://hh.ru/vacancy/51177727		1500.0	бел.руб.	hh.ru
299	Оператор печатного оборудования (помощник печатника)	https://hh.ru/vacancy/51713748	1600.0	1600.0	бел.руб.	hh.ru
300	Администратор студии маникюра	https://hh.ru/vacancy/50483895	40000.0	50000.0	руб.	hh.ru
301	Менеджер по закупкам комплектующих	https://hh.ru/vacancy/51847080	70000.0	90000.0	руб.	hh.ru
302	Операционный директор сети ресторанов быстрого питания	https://hh.ru/vacancy/51639782	700000.0	1300000.0	KZT	hh.ru
303	Тренер по футболу	https://hh.ru/vacancy/51756227		150000.0	KZT	hh.ru
304	Оператор 1С (Оператор склада)	https://hh.ru/vacancy/51834595		30000.0	руб.	hh.ru
305	Специалист по работе с клиентами / Продавец-консультант	https://hh.ru/vacancy/50983828		1200.0	бел.руб.	hh.ru
306	Country Manager (Казахстан)	https://hh.ru/vacancy/51606685				hh.ru
307	Ревизор на склад продуктов питания (Алтуфьево)	https://hh.ru/vacancy/51031935		60000.0	руб.	hh.ru
308	Специалист по кадрам	https://hh.ru/vacancy/51699037				hh.ru
309	Оператор терминала (работник склада)	https://hh.ru/vacancy/51002938	28000.0	38000.0	руб.	hh.ru
310	Рекрутер	https://hh.ru/vacancy/48850816				hh.ru
311	Бухгалтер-ревизор	https://hh.ru/vacancy/50626314	30000.0	35000.0	руб.	hh.ru
312	Оператор станков с ЧПУ	https://hh.ru/vacancy/51622939		70000.0	руб.	hh.ru
313	Менеджер по работе с клиентами	https://hh.ru/vacancy/51509631	150000.0	400000.0	KZT	hh.ru
314	Инженер по обслуживанию робототехнических комплексов	https://hh.ru/vacancy/51863882		2000.0	бел.руб.	hh.ru
315	Главный бухгалтер	https://hh.ru/vacancy/51848686	120000.0	150000.0	руб.	hh.ru
316	Региональный менеджер по малому и микробизнесу	https://hh.ru/vacancy/51884455				hh.ru
317	SMM-менеджер	https://hh.ru/vacancy/51626086		150000.0	KZT	hh.ru
318	Менеджер по продажам B2B	https://hh.ru/vacancy/51675413		200000.0	KZT	hh.ru
319	Торговый представитель	https://hh.ru/vacancy/51726978	70000.0	200000.0	руб.	hh.ru
320	Механик со знанием грузовых транспортов	https://hh.ru/vacancy/51704957	250000.0	300000.0	KZT	hh.ru
321	Оператор call-центра	https://hh.ru/vacancy/49526402		50000.0	руб.	hh.ru
322	Кладовщик-комплектовщик	https://hh.ru/vacancy/50937409	36000.0	80000.0	руб.	hh.ru
323	Автомойщик	https://hh.ru/vacancy/48890226		40000.0	руб.	hh.ru
324	Риэлтор (без опыта)	https://hh.ru/vacancy/32958209		50000.0	руб.	hh.ru
325	Мерчендайзер	https://hh.ru/vacancy/47182212		45000.0	руб.	hh.ru
326	Менеджер по продажам и работе с клиентами	https://hh.ru/vacancy/51638465	200000.0	1000000.0	KZT	hh.ru
327	Комплектовщик (д.Таборы; Хатежинский с/с 4 км от МКАД)	https://hh.ru/vacancy/46373872	1400.0	3500.0	бел.руб.	hh.ru
328	Менеджер по продажам	https://hh.ru/vacancy/51771470	115000.0	150000.0	руб.	hh.ru
329	Прораб на внутреннюю отделку (новостройки)	https://hh.ru/vacancy/51800717	100000.0	150000.0	руб.	hh.ru
330	Торговый представитель	https://hh.ru/vacancy/51645818		2000.0	бел.руб.	hh.ru
331	Backend разработчик Python (Middle/Senior)	https://hh.ru/vacancy/51843770	500.0	1500.0	USD	hh.ru
332	Руководитель отдела контроля качества	https://hh.ru/vacancy/51853879				hh.ru
333	Менеджер по продажам/Оператор	https://hh.ru/vacancy/43806793		79000.0	руб.	hh.ru
334	Менеджер по продажам недвижимости	https://hh.ru/vacancy/51602269	300000.0	1970000.0	KZT	hh.ru
335	Менеджер по продажам	https://hh.ru/vacancy/51763158	150000.0	500000.0	KZT	hh.ru
336	Водитель-курьер на личном автомобиле	https://hh.ru/vacancy/50798466	37000.0	173000.0	руб.	hh.ru
337	Специалист по уходу за домашними животными	https://hh.ru/vacancy/51664754	24500.0	30000.0	руб.	hh.ru
338	Продавец-консультант (New Balance; Timberland; Lee Wrangler; DKNY; KIKO)	https://hh.ru/vacancy/49538895		50000.0	руб.	hh.ru
339	Диспетчер-оператор	https://hh.ru/vacancy/51640944	150000.0	250000.0	KZT	hh.ru
340	Менеджер по работе с клиентами (удаленная работа)	https://hh.ru/vacancy/51774182	25000.0	40000.0	руб.	hh.ru
341	Продавец-консультант	https://hh.ru/vacancy/46355625	65000.0	95000.0	руб.	hh.ru
342	Руководитель по работе со студентами	https://hh.ru/vacancy/51796301				hh.ru
343	Специалист по транспорту	https://hh.ru/vacancy/50110261		1000.0	бел.руб.	hh.ru
344	Продавец	https://hh.ru/vacancy/50840213		35000.0	руб.	hh.ru
345	Менеджер по маркетингу и рекламе	https://hh.ru/vacancy/51279671				hh.ru
346	Менеджер по продажам	https://hh.ru/vacancy/51846377	150000.0	400000.0	KZT	hh.ru
347	Кладовщик	https://hh.ru/vacancy/50433338		45000.0	руб.	hh.ru
348	Младший рекрутер	https://hh.ru/vacancy/51007578	50000.0	65000.0	руб.	hh.ru
349	Главный бухгалтер / Финансист	https://hh.ru/vacancy/51199869	350000.0	500000.0	KZT	hh.ru
350	Слесарь МСР	https://hh.ru/vacancy/51612440	1400.0	1400.0	бел.руб.	hh.ru
351	Повар	https://hh.ru/vacancy/31086711	1000.0	1700.0	бел.руб.	hh.ru
352	Стажер ABAP Developer	https://hh.ru/vacancy/51784544				hh.ru
353	Помощник руководителя	https://hh.ru/vacancy/50892677	60000.0	60000.0	руб.	hh.ru
354	Руководитель отдела розничных продаж и сервиса	https://hh.ru/vacancy/51890447	81000.0	150000.0	руб.	hh.ru
355	Менеджер проектов	https://hh.ru/vacancy/50682583				hh.ru
356	Оператор терминала (работник склада)	https://hh.ru/vacancy/50884471	30000.0	35000.0	руб.	hh.ru
357	Менеджер по клиентскому сервису	https://hh.ru/vacancy/50218864		70000.0	руб.	hh.ru
358	Помощник руководителя (одного из подразделений компании)	https://hh.ru/vacancy/51364869	70000.0	70000.0	руб.	hh.ru
359	Менеджер по продажам	https://hh.ru/vacancy/51722844	50000.0	120000.0	руб.	hh.ru
360	Техничка	https://hh.ru/vacancy/51757292	130000.0	130000.0	KZT	hh.ru
361	Менеджер по продажам спецтехники	https://hh.ru/vacancy/51804907	200000.0	500000.0	KZT	hh.ru
362	Водитель-курьер на личном автомобиле	https://hh.ru/vacancy/51910629		80000.0	руб.	hh.ru
363	Менеджер по работе с клиентами	https://hh.ru/vacancy/51175648	50000.0	85000.0	руб.	hh.ru
364	Специалист по проверке кредитных заявок	https://hh.ru/vacancy/51883975	34000.0	45000.0	руб.	hh.ru
365	Эксперт-оценщик	https://hh.ru/vacancy/49818399	160000.0	300000.0	KZT	hh.ru
366	Специалист по логистике/Ассистент логиста	https://hh.ru/vacancy/51227962	900.0	1200.0	бел.руб.	hh.ru
367	Менеджер по маркетингу и PR	https://hh.ru/vacancy/51783253		100000.0	руб.	hh.ru
368	Бухгалтер	https://hh.ru/vacancy/51005431	150000.0	200000.0	KZT	hh.ru
369	Менеджер по продажам (онлайн-школа)	https://hh.ru/vacancy/51150676	60000.0	120000.0	руб.	hh.ru
370	Продавец-консультант (Московская область; подразделение Балашиха)	https://hh.ru/vacancy/51206488		42999.0	руб.	hh.ru
371	Удаленный менеджер по продажам	https://hh.ru/vacancy/51659604		70000.0	руб.	hh.ru
372	Менеджер по продажам/Менеджер активных продаж	https://hh.ru/vacancy/51831616	200000.0	350000.0	KZT	hh.ru
373	Рабочий на доставку/курьер	https://hh.ru/vacancy/51872382	62400.0	74880.0	руб.	hh.ru
374	Менеджер по продажам через обучение	https://hh.ru/vacancy/50798839	44000.0	65000.0	руб.	hh.ru
375	Фармацевт - провизор	https://hh.ru/vacancy/44085996	68000.0	93000.0	руб.	hh.ru
376	Ассистент ИТ-рекрутера (ресечер)	https://hh.ru/vacancy/51004474	50000.0	65000.0	руб.	hh.ru
377	Графический дизайнер	https://hh.ru/vacancy/51787824		4000000.0	сум	hh.ru
378	Аналитик по отчетности в excel	https://hh.ru/vacancy/51758218				hh.ru
379	Специалист по продажам	https://hh.ru/vacancy/51881015		700.0	USD	hh.ru
380	Консультант по лечебной косметике в сеть Аптек «999»	https://hh.ru/vacancy/51643521		5000000.0	сум	hh.ru
381	Специалист отдела фрахтования	https://hh.ru/vacancy/51725071		80000.0	руб.	hh.ru
382	Менеджер по продажам (без поиска)	https://hh.ru/vacancy/51812291		110000.0	руб.	hh.ru
383	Оператор терминала (работник склада)	https://hh.ru/vacancy/50797662	45000.0	55000.0	руб.	hh.ru
384	Продавець-консультант у магазин взуття (ТРЦ Respublika Park)	https://hh.ru/vacancy/51906843	19000.0	20000.0	грн.	hh.ru
385	Координатор полиграфического производства в типографию	https://hh.ru/vacancy/51839391	180000.0	300000.0	KZT	hh.ru
386	Продавец-консультант	https://hh.ru/vacancy/51688958	200000.0	500000.0	KZT	hh.ru
387	Специалист по документообороту	https://hh.ru/vacancy/46817450		51200.0	руб.	hh.ru
388	Заместитель начальника склада/Логист	https://hh.ru/vacancy/51766233	50000.0	80000.0	руб.	hh.ru
389	Менеджер по продажам недвижимости (новостройки от застройщиков)	https://hh.ru/vacancy/46099793	80000.0	500000.0	руб.	hh.ru
390	Мерчендайзер	https://hh.ru/vacancy/50014044		950.0	бел.руб.	hh.ru
391	Продавец	https://hh.ru/vacancy/50430169	160000.0	300000.0	KZT	hh.ru
392	Администратор отдела продаж	https://hh.ru/vacancy/51599540		150000.0	KZT	hh.ru
393	Менеджер по продажам спецтехники	https://hh.ru/vacancy/51637053	300000.0	360000.0	KZT	hh.ru
394	Менеджер по работе с клиентами и продажам (входящий поток клиентов)	https://hh.ru/vacancy/51647410	60000.0	125000.0	руб.	hh.ru
395	Водитель - курьер с личным автомобилем (подработка)	https://hh.ru/vacancy/47582553	63000.0	126000.0	руб.	hh.ru
396	Менеджер по продажам / Продавец-консультант	https://hh.ru/vacancy/50464650	800.0	3500.0	бел.руб.	hh.ru
397	Технолог-Пятновыводчик в Химчистку	https://hh.ru/vacancy/51821005	30000.0	60000.0	руб.	hh.ru
398	Специалист по кадрам (миграционный учет)	https://hh.ru/vacancy/51472441		60000.0	руб.	hh.ru
399	Менеджер по продажам спецтехники	https://hh.ru/vacancy/51636633	300000.0	360000.0	KZT	hh.ru
400	Сборщик/водитель-курьер онлайн-заказов на личном автомобиле( м. Гражданский проспект)	https://hh.ru/vacancy/51129576	63000.0	90000.0	руб.	hh.ru
401	Менеджер по продажам	https://hh.ru/vacancy/51635373	200000.0	500000.0	KZT	hh.ru
402	Бариста - Продавец	https://hh.ru/vacancy/51613488	45000.0	55000.0	руб.	hh.ru
403	Санитарка/уборщица (санитар/уборщик)	https://hh.ru/vacancy/51662993		40000.0	руб.	hh.ru
404	Менеджер по продажам IT	https://hh.ru/vacancy/51748188	70000.0	120000.0	руб.	hh.ru
405	Электромонтажник (монтажник по сборке электрооборудования)	https://hh.ru/vacancy/51088679	50000.0	100000.0	руб.	hh.ru
406	Специалист call-центра (удалённо)	https://hh.ru/vacancy/51220744		30000.0	руб.	hh.ru
407	Курьер по району	https://hh.ru/vacancy/51718384	43000.0	104000.0	руб.	hh.ru
408	Торговый агент	https://hh.ru/vacancy/51763747	950.0	1380.0	бел.руб.	hh.ru
409	Заместитель управляющего магазином	https://hh.ru/vacancy/51891274	56000.0	67200.0	руб.	hh.ru
410	Риэлтор/Агент по купле-продаже недвижимости	https://hh.ru/vacancy/51850351	90000.0	650000.0	руб.	hh.ru
411	Менеджер по подбору персонала	https://hh.ru/vacancy/51851116		45200.0	руб.	hh.ru
412	Повар в ресторан паназиатской кухни	https://hh.ru/vacancy/51619834		60000.0	руб.	hh.ru
413	Водитель-курьер	https://hh.ru/vacancy/48085758		115000.0	руб.	hh.ru
414	Специалист по оказанию розничных банковских услуг	https://hh.ru/vacancy/51803411	850.0	1100.0	бел.руб.	hh.ru
415	Начинающий специалист	https://hh.ru/vacancy/51103257	45000.0	150000.0	руб.	hh.ru
416	Водитель-курьер на корпоративном автомобиле	https://hh.ru/vacancy/48119944	60000.0	100000.0	руб.	hh.ru
417	Курьер	https://hh.ru/vacancy/51771396		60000.0	руб.	hh.ru
418	Бармен	https://hh.ru/vacancy/51859098	45000.0	45000.0	руб.	hh.ru
419	Специалист службы письменной поддержки Яндекса (Кинопоиск; Яндекс.Музыка; Яндекс.Афиша; Яндекс.Плюс)	https://hh.ru/vacancy/47521247		15000.0	руб.	hh.ru
420	Преподаватель английского языка (IELTS/ ESL Teacher)	https://hh.ru/vacancy/49122877	13000000.0	18500000.0	сум	hh.ru
421	Установщик-электрик	https://hh.ru/vacancy/51916521				hh.ru
422	Бухгалтер	https://hh.ru/vacancy/51924099		750.0	бел.руб.	hh.ru
423	Охранник/старший охранник (торговые объекты)	https://hh.ru/vacancy/48305018	900.0	1200.0	бел.руб.	hh.ru
424	Менеджер по продажам недвижимости	https://hh.ru/vacancy/51622119	300000.0	900000.0	KZT	hh.ru
425	Верстальщик	https://hh.ru/vacancy/51652926		100000.0	руб.	hh.ru
426	"Продавец-консультант магазина Levi's (ДЦ ""Орджоникидзе"")"	https://hh.ru/vacancy/50941115	48000.0	62000.0	руб.	hh.ru
427	Оператор call - центра (удаленно)	https://hh.ru/vacancy/44047989	45000.0	59500.0	руб.	hh.ru
428	Специалист контактного центра	https://hh.ru/vacancy/50476435		42800.0	руб.	hh.ru
429	Специалист по работе с проблемной задолженностью	https://hh.ru/vacancy/51885492				hh.ru
430	HR менеджер (Рекрутер)	https://hh.ru/vacancy/51715264	70000.0	130000.0	руб.	hh.ru
431	Специалист по работе с клиентами	https://hh.ru/vacancy/51897222				hh.ru
432	Web-мастер	https://hh.ru/vacancy/51790194		500000.0	KZT	hh.ru
433	Экономист по труду и заработной плате	https://hh.ru/vacancy/51635998		1254.0	бел.руб.	hh.ru
434	Специалист по учету и анализу данных	https://hh.ru/vacancy/51851886				hh.ru
435	Продавец-консультант U.S. Polo Assn.	https://hh.ru/vacancy/47926088	47000.0	70000.0	руб.	hh.ru
436	Системный администратор	https://hh.ru/vacancy/49997121	150000.0	200000.0	KZT	hh.ru
437	Руководитель отдела по поиску и привлечению новых клиентов	https://hh.ru/vacancy/51909887	135000.0	250000.0	руб.	hh.ru
438	Водитель-экспедитор	https://hh.ru/vacancy/47039907	1200.0	1650.0	бел.руб.	hh.ru
439	Менеджер по продажам	https://hh.ru/vacancy/51601295		35000.0	руб.	hh.ru
440	Маркетолог (gamedev)	https://hh.ru/vacancy/50703745	60000.0	100000.0	руб.	hh.ru
441	Регіональний директор	https://hh.ru/vacancy/51735772				hh.ru
442	Инженер ПТО по техническому обследованию зданий и сооружений	https://hh.ru/vacancy/51918533	120000.0	150000.0	руб.	hh.ru
443	Менеджер по продажам	https://hh.ru/vacancy/51635781		2000.0	бел.руб.	hh.ru
444	Менеджер по продажам алюминиевых конструкций	https://hh.ru/vacancy/51791859	60000.0	80000.0	руб.	hh.ru
445	Водитель-курьер/ экспедитор	https://hh.ru/vacancy/36570283	1800.0	3500.0	бел.руб.	hh.ru
446	Менеджер среднего и высшего звена	https://hh.ru/vacancy/50819182		4000000.0	сум	hh.ru
447	Специалист службы технической поддержки (мониторинг)	https://hh.ru/vacancy/51624378		40000.0	руб.	hh.ru
448	Главный бухгалтер	https://hh.ru/vacancy/51798955	80000.0	100000.0	руб.	hh.ru
449	Менеджер по продажам	https://hh.ru/vacancy/51891259		200000.0	KZT	hh.ru
450	Менеджер по продажам и работе с клиентами	https://hh.ru/vacancy/51604700	45000.0	150000.0	руб.	hh.ru
451	Удаленная работа Ночной оператор call-центра	https://hh.ru/vacancy/49059973		31000.0	руб.	hh.ru
452	Менеджер отдела продаж	https://hh.ru/vacancy/51905928	50000.0	120000.0	руб.	hh.ru
453	Бухгалтер	https://hh.ru/vacancy/50923013				hh.ru
454	Менеджер по работе с клиентами B2B	https://hh.ru/vacancy/39672031		100000.0	руб.	hh.ru
455	Менеджер по кредитованию	https://hh.ru/vacancy/51215067		100000.0	руб.	hh.ru
456	Специалист отдела документооборота	https://hh.ru/vacancy/51769732	27400.0	27400.0	руб.	hh.ru
457	Руководитель онлайн-продаж (бренд женской одежды)	https://hh.ru/vacancy/51422066		80000.0	руб.	hh.ru
458	Оператор службы поддержки	https://hh.ru/vacancy/51865644	20000.0	20000.0	руб.	hh.ru
459	Фармацевт-провизор	https://hh.ru/vacancy/50399116		45000.0	руб.	hh.ru
460	Специалист по работе с клиентами (оператор call-центра)	https://hh.ru/vacancy/48701919		1150.0	бел.руб.	hh.ru
461	"Режиссер-монтажер программы ""Beautytime"""	https://hh.ru/vacancy/51609794				hh.ru
462	Оператор 1C	https://hh.ru/vacancy/51629878	150000.0	150000.0	KZT	hh.ru
463	Менеджер по логистике	https://hh.ru/vacancy/51020959	100000.0	350000.0	KZT	hh.ru
464	Специалист по сертификации и стандартизации продукции	https://hh.ru/vacancy/51761120				hh.ru
465	Менеджер по продажам по телефону / Телемаркетолог	https://hh.ru/vacancy/51894432		200000.0	KZT	hh.ru
466	Менеджер по бронированию; продаже авиабилетов и наземного обслуживания	https://hh.ru/vacancy/51708051	70000.0	70000.0	руб.	hh.ru
467	Стажер ABAP Developer	https://hh.ru/vacancy/51784543				hh.ru
468	Директолог	https://hh.ru/vacancy/51790347	250000.0	500000.0	KZT	hh.ru
469	Технический директор / Руководитель технического блока / CTO	https://hh.ru/vacancy/51852487				hh.ru
470	Продавец-консультант магазин⁢а re:Store (Apple Premium Reseller) в ТЦ Аура	https://hh.ru/vacancy/46476009		70000.0	руб.	hh.ru
471	Водитель-курьер на личном автомобиле	https://hh.ru/vacancy/51863881	80000.0	120000.0	руб.	hh.ru
472	Администратор (пл. Маркса )	https://hh.ru/vacancy/51682221		37500.0	руб.	hh.ru
473	Менеджер по туризму	https://hh.ru/vacancy/50294072		100000.0	руб.	hh.ru
474	Менеджер по продажам	https://hh.ru/vacancy/51640289		120000.0	руб.	hh.ru
475	Менеджер по продажам	https://hh.ru/vacancy/51708347		70000.0	руб.	hh.ru
476	Водитель-экспедитор	https://hh.ru/vacancy/42242453	80000.0	110000.0	руб.	hh.ru
477	Аналитик экономической безопасности	https://hh.ru/vacancy/51643567	75000.0	75000.0	руб.	hh.ru
478	Главный бухгалтер	https://hh.ru/vacancy/51834031	1500.0	3500.0	бел.руб.	hh.ru
479	Бухгалтер	https://hh.ru/vacancy/51861021				hh.ru
480	Менеджер по работе с постоянными клиентами	https://hh.ru/vacancy/51087280	71000.0	110000.0	руб.	hh.ru
481	Риэлтор	https://hh.ru/vacancy/50864008	80000.0	120000.0	руб.	hh.ru
482	Вечерний Водитель-курьер с личным автомобилем	https://hh.ru/vacancy/51610418	75000.0	130000.0	руб.	hh.ru
483	Оператор-наладчик оборудования по производству стиков	https://hh.ru/vacancy/51918726				hh.ru
484	IT Project Manager	https://hh.ru/vacancy/49457787				hh.ru
485	Менеджер по продажам технологического оборудования (удаленно)	https://hh.ru/vacancy/51702126	80000.0	100000.0	руб.	hh.ru
486	HR-менеджер	https://hh.ru/vacancy/51791764	45000.0	55000.0	руб.	hh.ru
487	Менеджер по работе с клиентами	https://hh.ru/vacancy/51862363	80000.0	300000.0	KZT	hh.ru
488	Инженер-проектировщик слаботочных систем	https://hh.ru/vacancy/51721298	110000.0	150000.0	руб.	hh.ru
489	Менеджер по продажам столешниц	https://hh.ru/vacancy/51847323		69000.0	руб.	hh.ru
490	Начальник отдела кадров в охранном предприятии	https://hh.ru/vacancy/51634873				hh.ru
491	Сборщик-оформитель; Петергоф	https://hh.ru/vacancy/51899146		30000.0	руб.	hh.ru
492	Менеджер по рекламе (продвижение молодежной марки одежды Premium класса)	https://hh.ru/vacancy/51916728		150000.0	руб.	hh.ru
493	Digital маркетолог / Интернет-маркетолог	https://hh.ru/vacancy/51002710		2000.0	бел.руб.	hh.ru
494	Специалист по поддержке продукта	https://hh.ru/vacancy/51603674				hh.ru
495	Java-разработчик	https://hh.ru/vacancy/51784662	1000.0	4000.0	USD	hh.ru
496	Менеджер по продажам / Продавец-консультант	https://hh.ru/vacancy/45410981	250000.0	500000.0	KZT	hh.ru
497	Менеджер по оптовым продажам (Запад)	https://hh.ru/vacancy/51855045				hh.ru
498	Грузчик	https://hh.ru/vacancy/51910916		950.0	бел.руб.	hh.ru
499	Менеджер по кассовым операциям H&M (ТРЦ Аллея)	https://hh.ru/vacancy/51496693				hh.ru
500	Кавист-стажер	https://hh.ru/vacancy/50410552	65000.0	90000.0	руб.	hh.ru
501	Менеджер по сопровождению продаж	https://hh.ru/vacancy/51650612	28000.0	35000.0	руб.	hh.ru
502	Официант	https://hh.ru/vacancy/51898945				hh.ru
503	Водитель специального грузового автомобиля мусоровоза	https://hh.ru/vacancy/47231915		2200.0	бел.руб.	hh.ru
504	Дизайнер компьютерной графики	https://hh.ru/vacancy/51635750	1500.0	1500.0	бел.руб.	hh.ru
505	Менеджер по продажам в торгово-производственной компании	https://hh.ru/vacancy/51721355		250000.0	руб.	hh.ru
506	Водитель такси	https://hh.ru/vacancy/51897893				hh.ru
507	Охранник	https://hh.ru/vacancy/50576059	54000.0	75000.0	руб.	hh.ru
508	Менеджер по работе с клиентами	https://hh.ru/vacancy/50838612	42000.0	48300.0	руб.	hh.ru
509	Менеджер по продажам удаленно	https://hh.ru/vacancy/51188818	30000.0	60000.0	руб.	hh.ru
510	Директор по франчайзингу	https://hh.ru/vacancy/51833785		300000.0	руб.	hh.ru
511	Представитель банка	https://hh.ru/vacancy/48856712				hh.ru
512	Водитель-экспедитор; г.Иркутск	https://hh.ru/vacancy/49153456	40000.0	48500.0	руб.	hh.ru
513	Менеджер по продажам	https://hh.ru/vacancy/50587027	60000.0	80000.0	руб.	hh.ru
514	Специалист по логистике	https://hh.ru/vacancy/51692548	150000.0	180000.0	KZT	hh.ru
515	Продавец-консультант в PREMIUM салон мебели	https://hh.ru/vacancy/49215137	60000.0	220000.0	руб.	hh.ru
516	Директор по качеству	https://hh.ru/vacancy/51855419		100000.0	руб.	hh.ru
517	Водитель-курьер на личном автомобиле	https://hh.ru/vacancy/36983046	2100.0	5600.0	бел.руб.	hh.ru
518	Специалист call-центра	https://hh.ru/vacancy/50909287		30000.0	руб.	hh.ru
519	Инженер-электромеханик / техник-электромеханик / специалист по обслуживанию оборудования	https://hh.ru/vacancy/51622514	55000.0	75000.0	руб.	hh.ru
520	Подменный менеджер по работе с юридическими лицами	https://hh.ru/vacancy/48928204		100000.0	руб.	hh.ru
521	Автокурьер; водитель-курьер; курьер (Курьер онлайн-магазинов; Яндекс. Доставки)	https://hh.ru/vacancy/48924085	1500.0	3000.0	бел.руб.	hh.ru
522	Консультант чат-поддержки Медиасервисов (КиноПоиск; Афиша; Музыка; Плюс)	https://hh.ru/vacancy/51096924		20000.0	руб.	hh.ru
523	Менеджер по продажам	https://hh.ru/vacancy/51476529	50000.0	200000.0	руб.	hh.ru
524	Менеджер по продажам (удаленно)	https://hh.ru/vacancy/51640207	50000.0	80000.0	руб.	hh.ru
525	Frontend-разработчик / Frontend-developer	https://hh.ru/vacancy/51903849				hh.ru
526	Кладовщик / Комплектовщик	https://hh.ru/vacancy/51334566				hh.ru
527	"Продавец-консультант в бутик (ТЦ ""Калейдоскоп"")"	https://hh.ru/vacancy/51606577		80000.0	руб.	hh.ru
528	Менеджер по продажам	https://hh.ru/vacancy/51831470	250000.0	300000.0	KZT	hh.ru
529	Hr / Менеджер по персоналу / Ведущий Рекрутер (ТОП-менеджмент)	https://hh.ru/vacancy/51712472		50000.0	руб.	hh.ru
530	Медицинская сестра	https://hh.ru/vacancy/51900065		1100.0	бел.руб.	hh.ru
531	Менеджер по продажам B2B	https://hh.ru/vacancy/51843264		100000.0	руб.	hh.ru
532	Водитель-курьер на личном автомобиле	https://hh.ru/vacancy/51860224	75000.0	95000.0	руб.	hh.ru
533	HR - manager (Специалист по подбору и адаптации персонала)	https://hh.ru/vacancy/51637148				hh.ru
534	Менеджер по продажам в онлайн-школу	https://hh.ru/vacancy/51692032	60000.0	120000.0	руб.	hh.ru
535	Специалист по транспортной логистике	https://hh.ru/vacancy/51801055	1400.0	1400.0	грн.	hh.ru
536	Специалист по организации перевозок; экспедитор-логист.	https://hh.ru/vacancy/44399005	1000.0	7000.0	бел.руб.	hh.ru
537	Торговый представитель	https://hh.ru/vacancy/51779436		45000.0	руб.	hh.ru
538	Frontend-разработчик (удаленно)	https://hh.ru/vacancy/50328327		240000.0	руб.	hh.ru
539	Сборщик заказов	https://hh.ru/vacancy/51332712				hh.ru
540	Руководитель экспериментального производства	https://hh.ru/vacancy/51770138	80000.0	120000.0	руб.	hh.ru
541	Менеджер по продаже мобильных аксессуаров	https://hh.ru/vacancy/51920740		120000.0	руб.	hh.ru
542	Менеджер по продажам в интернет-магазин ножей (он-лайн магазин и розничный офлайн магазин)	https://hh.ru/vacancy/50806010	55000.0	100000.0	руб.	hh.ru
543	Оператор call-центра	https://hh.ru/vacancy/51704989		130000.0	KZT	hh.ru
544	Инженер в строительную лабораторию	https://hh.ru/vacancy/51716483				hh.ru
545	Аналитик данных сайта (знание румынского)	https://hh.ru/vacancy/51901404		700.0	USD	hh.ru
546	Менеджер по продажам	https://hh.ru/vacancy/51799050	55000.0	95000.0	руб.	hh.ru
547	HR менеджер	https://hh.ru/vacancy/51144931	200000.0	300000.0	KZT	hh.ru
548	Инженер	https://hh.ru/vacancy/51659696		30000.0	руб.	hh.ru
549	Оператор мониторингового центра	https://hh.ru/vacancy/51082641	36000.0	52800.0	руб.	hh.ru
550	Sales manager in the franchise network	https://hh.ru/vacancy/51188401		100000.0	руб.	hh.ru
551	Старший инженер по развитию логистических схем дистрибуции автомобилей	https://hh.ru/vacancy/51702971				hh.ru
552	Менеджер по продажам жилой недвижимости	https://hh.ru/vacancy/48164528	150000.0	300000.0	руб.	hh.ru
553	Кладовщик / Комплектовщик	https://hh.ru/vacancy/51334361				hh.ru
554	UI/UX designer	https://hh.ru/vacancy/51805738				hh.ru
555	Продуктовый маркетолог (USA)	https://hh.ru/vacancy/51849011		1500.0	USD	hh.ru
556	Старший бухгалтер	https://hh.ru/vacancy/51880817	350000.0	350000.0	KZT	hh.ru
557	Операционный директор	https://hh.ru/vacancy/51901795	100000.0	120000.0	руб.	hh.ru
558	Фармацевт-провизор в сеть Аптек «999»	https://hh.ru/vacancy/51642308		4500000.0	сум	hh.ru
559	Junior разработчик PHP	https://hh.ru/vacancy/51685411	100000.0	150000.0	KZT	hh.ru
560	Младший инженер АСУ ТП	https://hh.ru/vacancy/50563215				hh.ru
561	Начальник отдела продаж	https://hh.ru/vacancy/51615564	250000.0	400000.0	KZT	hh.ru
562	Дизайнер-верстальщик	https://hh.ru/vacancy/51645112				hh.ru
563	Менеджер по управлению персоналом	https://hh.ru/vacancy/51018467				hh.ru
564	Менеджер по продажам слаботочных систем	https://hh.ru/vacancy/51623537	80000.0	120000.0	руб.	hh.ru
565	Финансовый менеджер	https://hh.ru/vacancy/51636933				hh.ru
566	Специалист по продажам интернет-услуг (г.Минск)	https://hh.ru/vacancy/42428329	1000.0	3000.0	бел.руб.	hh.ru
567	Менеджер по продажам (без поиска)	https://hh.ru/vacancy/51731608	120500.0	211500.0	руб.	hh.ru
568	Врач стоматолог - ортодонт	https://hh.ru/vacancy/51888622	150000.0	200000.0	руб.	hh.ru
569	Кладовщик (Emall.by)	https://hh.ru/vacancy/51718802	1300.0	3000.0	бел.руб.	hh.ru
570	Специалист по работе с браком (кладовщик)	https://hh.ru/vacancy/48850501	1265.0	1265.0	бел.руб.	hh.ru
571	Сборщик заказов	https://hh.ru/vacancy/51332046				hh.ru
572	Кладовщик / Комплектовщик	https://hh.ru/vacancy/51333671				hh.ru
573	Кладовщик / Комплектовщик	https://hh.ru/vacancy/51334370				hh.ru
574	Менеджер по продажам	https://hh.ru/vacancy/51615319	80000.0	120000.0	руб.	hh.ru
575	Руководитель отдела продаж	https://hh.ru/vacancy/51782542		100000.0	руб.	hh.ru
576	Специалист игровой зоны (ТРЦ Город Косино)	https://hh.ru/vacancy/51692275	35000.0	55000.0	руб.	hh.ru
577	Дизайнер интерьера	https://hh.ru/vacancy/51700269				hh.ru
578	Консультант Тинькофф Банк. Со знанием английского	https://hh.ru/vacancy/50961496		56000.0	руб.	hh.ru
579	Сборщик заказов	https://hh.ru/vacancy/51330894				hh.ru
580	Менеджер по продажам	https://hh.ru/vacancy/51090756	110000.0	120000.0	руб.	hh.ru
581	Водитель-курьер на доставку заказов	https://hh.ru/vacancy/51214027	54000.0	78000.0	руб.	hh.ru
582	Сборщик заказов	https://hh.ru/vacancy/51331393				hh.ru
583	Главный бухгалтер	https://hh.ru/vacancy/51683677		70000.0	руб.	hh.ru
584	Водитель такси	https://hh.ru/vacancy/51897647				hh.ru
585	Водитель такси	https://hh.ru/vacancy/51897842				hh.ru
586	Водитель такси	https://hh.ru/vacancy/51897868				hh.ru
587	Водитель такси	https://hh.ru/vacancy/51897986				hh.ru
588	Водитель такси	https://hh.ru/vacancy/51898336				hh.ru
589	Сборщик заказов	https://hh.ru/vacancy/51331417				hh.ru
590	Продавец-кассир	https://hh.ru/vacancy/51338188				hh.ru
591	Продавец-кассир	https://hh.ru/vacancy/51338192				hh.ru
592	Продавец-кассир	https://hh.ru/vacancy/51338197				hh.ru
593	Продавец-кассир	https://hh.ru/vacancy/51338203				hh.ru
594	Продавец-кассир	https://hh.ru/vacancy/51338207				hh.ru
595	Продавец-кассир	https://hh.ru/vacancy/51338216				hh.ru
596	Продавец-кассир	https://hh.ru/vacancy/51338218				hh.ru
597	Продавец-кассир	https://hh.ru/vacancy/51338223				hh.ru
598	Продавец-кассир	https://hh.ru/vacancy/51338851				hh.ru
599	Продавец-кассир	https://hh.ru/vacancy/51338859				hh.ru
600	Водитель такси	https://hh.ru/vacancy/51897853				hh.ru
601	Водитель такси	https://hh.ru/vacancy/51897856				hh.ru
602	Водитель такси	https://hh.ru/vacancy/51897860				hh.ru
603	Водитель такси	https://hh.ru/vacancy/51897870				hh.ru
604	Водитель такси	https://hh.ru/vacancy/51897871				hh.ru
605	Водитель такси	https://hh.ru/vacancy/51897872				hh.ru
606	Водитель такси	https://hh.ru/vacancy/51897874				hh.ru
607	Водитель такси	https://hh.ru/vacancy/51897889				hh.ru
608	Водитель такси	https://hh.ru/vacancy/51897896				hh.ru
609	Водитель такси	https://hh.ru/vacancy/51897897				hh.ru
610	Водитель такси	https://hh.ru/vacancy/51897899				hh.ru
611	Водитель такси	https://hh.ru/vacancy/51897903				hh.ru
612	Водитель такси	https://hh.ru/vacancy/51897960				hh.ru
613	Водитель такси	https://hh.ru/vacancy/51897984				hh.ru
614	Водитель такси	https://hh.ru/vacancy/51897993				hh.ru
615	Водитель такси	https://hh.ru/vacancy/51898006				hh.ru
616	Водитель такси	https://hh.ru/vacancy/51898009				hh.ru
617	Водитель такси	https://hh.ru/vacancy/51898013				hh.ru
618	Водитель такси	https://hh.ru/vacancy/51898014				hh.ru
619	Водитель такси	https://hh.ru/vacancy/51898031				hh.ru
620	Сборщик заказов	https://hh.ru/vacancy/51331383				hh.ru
621	Сборщик заказов	https://hh.ru/vacancy/51331416				hh.ru
622	Сборщик заказов	https://hh.ru/vacancy/51331596				hh.ru
623	Сборщик заказов	https://hh.ru/vacancy/51331654				hh.ru
624	Сборщик заказов	https://hh.ru/vacancy/51331886				hh.ru
625	Сборщик заказов	https://hh.ru/vacancy/51332007				hh.ru
626	Сборщик заказов	https://hh.ru/vacancy/51332700				hh.ru
627	Сборщик заказов	https://hh.ru/vacancy/51332855				hh.ru
628	Кладовщик / Комплектовщик	https://hh.ru/vacancy/51334697				hh.ru
629	Кладовщик / Комплектовщик	https://hh.ru/vacancy/51335687				hh.ru
630	Продавец-кассир	https://hh.ru/vacancy/51337378				hh.ru
631	Водитель такси	https://hh.ru/vacancy/51897725				hh.ru
632	Водитель такси	https://hh.ru/vacancy/51898040				hh.ru
633	Водитель такси	https://hh.ru/vacancy/51898052				hh.ru
634	Водитель такси	https://hh.ru/vacancy/51898188				hh.ru
635	Водитель такси	https://hh.ru/vacancy/51898237				hh.ru
636	Водитель такси	https://hh.ru/vacancy/51898239				hh.ru
637	Водитель такси	https://hh.ru/vacancy/51898266				hh.ru
638	Директор магазина	https://hh.ru/vacancy/51327308				hh.ru
639	Директор магазина	https://hh.ru/vacancy/51328421				hh.ru
640	Водитель такси	https://hh.ru/vacancy/51897552				hh.ru
641	Водитель такси	https://hh.ru/vacancy/51897884				hh.ru
642	Водитель такси	https://hh.ru/vacancy/51898101				hh.ru
643	Водитель такси	https://hh.ru/vacancy/51898146				hh.ru
644	Водитель такси	https://hh.ru/vacancy/51898163				hh.ru
645	Водитель такси	https://hh.ru/vacancy/51898166				hh.ru
646	Водитель такси	https://hh.ru/vacancy/51898447				hh.ru
647	Директор магазина	https://hh.ru/vacancy/51326277				hh.ru
648	Сборщик заказов	https://hh.ru/vacancy/51329618				hh.ru
649	Сборщик заказов	https://hh.ru/vacancy/51329832				hh.ru
650	Сборщик заказов	https://hh.ru/vacancy/51329934				hh.ru
651	Сборщик заказов	https://hh.ru/vacancy/51330443				hh.ru
652	Сборщик заказов	https://hh.ru/vacancy/51331215				hh.ru
653	Сборщик заказов	https://hh.ru/vacancy/51331224				hh.ru
654	Сборщик заказов	https://hh.ru/vacancy/51331261				hh.ru
655	Сборщик заказов	https://hh.ru/vacancy/51331277				hh.ru
656	Сборщик заказов	https://hh.ru/vacancy/51331354				hh.ru
657	Сборщик заказов	https://hh.ru/vacancy/51331365				hh.ru
658	Сборщик заказов	https://hh.ru/vacancy/51331452				hh.ru
659	Сборщик заказов	https://hh.ru/vacancy/51331519				hh.ru
660	Продавец-кассир	https://hh.ru/vacancy/51337989				hh.ru
661	Продавец-кассир	https://hh.ru/vacancy/51338058				hh.ru
662	Продавец-кассир	https://hh.ru/vacancy/51338186				hh.ru
663	Продавец-кассир	https://hh.ru/vacancy/51338967				hh.ru
664	Продавец-кассир	https://hh.ru/vacancy/51339342				hh.ru
665	Продавец-кассир	https://hh.ru/vacancy/51339656				hh.ru
666	Водитель такси	https://hh.ru/vacancy/51897489				hh.ru
667	Водитель такси	https://hh.ru/vacancy/51897564				hh.ru
668	Водитель такси	https://hh.ru/vacancy/51897572				hh.ru
669	Водитель такси	https://hh.ru/vacancy/51897582				hh.ru
670	Водитель такси	https://hh.ru/vacancy/51897652				hh.ru
671	Водитель такси	https://hh.ru/vacancy/51897662				hh.ru
672	Водитель такси	https://hh.ru/vacancy/51897819				hh.ru
673	Водитель такси	https://hh.ru/vacancy/51897839				hh.ru
674	Водитель такси	https://hh.ru/vacancy/51897840				hh.ru
675	Водитель такси	https://hh.ru/vacancy/51897843				hh.ru
676	Водитель такси	https://hh.ru/vacancy/51897909				hh.ru
677	Водитель такси	https://hh.ru/vacancy/51898054				hh.ru
678	Водитель такси	https://hh.ru/vacancy/51898112				hh.ru
679	Водитель такси	https://hh.ru/vacancy/51898126				hh.ru
680	Сборщик заказов	https://hh.ru/vacancy/51330830				hh.ru
681	Сборщик заказов	https://hh.ru/vacancy/51330864				hh.ru
682	Сборщик заказов	https://hh.ru/vacancy/51330876				hh.ru
683	Сборщик заказов	https://hh.ru/vacancy/51330878				hh.ru
684	Сборщик заказов	https://hh.ru/vacancy/51330880				hh.ru
685	Сборщик заказов	https://hh.ru/vacancy/51330896				hh.ru
686	Сборщик заказов	https://hh.ru/vacancy/51330900				hh.ru
687	Сборщик заказов	https://hh.ru/vacancy/51330910				hh.ru
688	Сборщик заказов	https://hh.ru/vacancy/51330930				hh.ru
689	Сборщик заказов	https://hh.ru/vacancy/51330936				hh.ru
690	Сборщик заказов	https://hh.ru/vacancy/51330944				hh.ru
691	Сборщик заказов	https://hh.ru/vacancy/51331201				hh.ru
692	Сборщик заказов	https://hh.ru/vacancy/51331220				hh.ru
693	Сборщик заказов	https://hh.ru/vacancy/51331236				hh.ru
694	Сборщик заказов	https://hh.ru/vacancy/51331240				hh.ru
695	Сборщик заказов	https://hh.ru/vacancy/51331258				hh.ru
696	Сборщик заказов	https://hh.ru/vacancy/51331349				hh.ru
697	Сборщик заказов	https://hh.ru/vacancy/51331370				hh.ru
698	Сборщик заказов	https://hh.ru/vacancy/51331386				hh.ru
699	Сборщик заказов	https://hh.ru/vacancy/51331660				hh.ru
700	Кладовщик / Комплектовщик	https://hh.ru/vacancy/51334296				hh.ru
701	Кладовщик / Комплектовщик	https://hh.ru/vacancy/51334309				hh.ru
702	Кладовщик / Комплектовщик	https://hh.ru/vacancy/51334313				hh.ru
703	Кладовщик / Комплектовщик	https://hh.ru/vacancy/51334315				hh.ru
704	Кладовщик / Комплектовщик	https://hh.ru/vacancy/51334318				hh.ru
705	Кладовщик / Комплектовщик	https://hh.ru/vacancy/51334331				hh.ru
706	Кладовщик / Комплектовщик	https://hh.ru/vacancy/51334362				hh.ru
707	Кладовщик / Комплектовщик	https://hh.ru/vacancy/51334378				hh.ru
708	Кладовщик / Комплектовщик	https://hh.ru/vacancy/51334392				hh.ru
709	Кладовщик / Комплектовщик	https://hh.ru/vacancy/51334394				hh.ru
710	Кладовщик / Комплектовщик	https://hh.ru/vacancy/51334416				hh.ru
711	Кладовщик / Комплектовщик	https://hh.ru/vacancy/51334499				hh.ru
712	Кладовщик / Комплектовщик	https://hh.ru/vacancy/51334501				hh.ru
713	Кладовщик / Комплектовщик	https://hh.ru/vacancy/51334507				hh.ru
714	Кладовщик / Комплектовщик	https://hh.ru/vacancy/51334511				hh.ru
715	Кладовщик / Комплектовщик	https://hh.ru/vacancy/51334521				hh.ru
716	Кладовщик / Комплектовщик	https://hh.ru/vacancy/51334525				hh.ru
717	Кладовщик / Комплектовщик	https://hh.ru/vacancy/51334534				hh.ru
718	Кладовщик / Комплектовщик	https://hh.ru/vacancy/51334863				hh.ru
719	Кладовщик / Комплектовщик	https://hh.ru/vacancy/51334998				hh.ru
720	Кладовщик / Комплектовщик	https://hh.ru/vacancy/51335855				hh.ru
721	Кладовщик / Комплектовщик	https://hh.ru/vacancy/51335857				hh.ru
722	Кладовщик / Комплектовщик	https://hh.ru/vacancy/51335858				hh.ru
723	Кладовщик / Комплектовщик	https://hh.ru/vacancy/51335860				hh.ru
724	Кладовщик / Комплектовщик	https://hh.ru/vacancy/51335863				hh.ru
725	Кладовщик / Комплектовщик	https://hh.ru/vacancy/51335865				hh.ru
726	Кладовщик / Комплектовщик	https://hh.ru/vacancy/51335866				hh.ru
727	Кладовщик / Комплектовщик	https://hh.ru/vacancy/51335867				hh.ru
728	Кладовщик / Комплектовщик	https://hh.ru/vacancy/51335890				hh.ru
729	Кладовщик / Комплектовщик	https://hh.ru/vacancy/51335893				hh.ru
730	Кладовщик / Комплектовщик	https://hh.ru/vacancy/51335894				hh.ru
731	Кладовщик / Комплектовщик	https://hh.ru/vacancy/51335898				hh.ru
732	Кладовщик / Комплектовщик	https://hh.ru/vacancy/51335991				hh.ru
733	Кладовщик / Комплектовщик	https://hh.ru/vacancy/51335992				hh.ru
734	Продавец-кассир	https://hh.ru/vacancy/51336334				hh.ru
735	Продавец-кассир	https://hh.ru/vacancy/51337099				hh.ru
736	Продавец-кассир	https://hh.ru/vacancy/51337119				hh.ru
737	Продавец-кассир	https://hh.ru/vacancy/51337249				hh.ru
738	Продавец-кассир	https://hh.ru/vacancy/51337251				hh.ru
739	Продавец-кассир	https://hh.ru/vacancy/51337260				hh.ru
740	Продавец-кассир	https://hh.ru/vacancy/51338835				hh.ru
741	Продавец-кассир	https://hh.ru/vacancy/51338852				hh.ru
742	Продавец-кассир	https://hh.ru/vacancy/51338878				hh.ru
743	Продавец-кассир	https://hh.ru/vacancy/51338951				hh.ru
744	Продавец-кассир	https://hh.ru/vacancy/51339112				hh.ru
745	Продавец-кассир	https://hh.ru/vacancy/51339170				hh.ru
746	Продавец-кассир	https://hh.ru/vacancy/51339299				hh.ru
747	Продавец-кассир	https://hh.ru/vacancy/51339343				hh.ru
748	Продавец-кассир	https://hh.ru/vacancy/51339348				hh.ru
749	Продавец-кассир	https://hh.ru/vacancy/51339364				hh.ru
750	Продавец-кассир	https://hh.ru/vacancy/51339608				hh.ru
751	Продавец-кассир	https://hh.ru/vacancy/51339651				hh.ru
752	Продавец-кассир	https://hh.ru/vacancy/51339652				hh.ru
753	Продавец-кассир	https://hh.ru/vacancy/51339665				hh.ru
754	Водитель такси	https://hh.ru/vacancy/51897522				hh.ru
755	Водитель такси	https://hh.ru/vacancy/51897526				hh.ru
756	Водитель такси	https://hh.ru/vacancy/51897536				hh.ru
757	Водитель такси	https://hh.ru/vacancy/51897580				hh.ru
758	Водитель такси	https://hh.ru/vacancy/51897654				hh.ru
759	Водитель такси	https://hh.ru/vacancy/51897655				hh.ru
760	Руководитель отдела продаж	https://hh.ru/vacancy/51060665	150000.0	200000.0	руб.	hh.ru
761	Менеджер по работе с клиентами	https://hh.ru/vacancy/51236831		150000.0	KZT	hh.ru
762	Директор магазина	https://hh.ru/vacancy/51327459				hh.ru
763	Сборщик заказов	https://hh.ru/vacancy/51330198				hh.ru
764	Сборщик заказов	https://hh.ru/vacancy/51330429				hh.ru
765	Сборщик заказов	https://hh.ru/vacancy/51330866				hh.ru
766	Сборщик заказов	https://hh.ru/vacancy/51330912				hh.ru
767	Сборщик заказов	https://hh.ru/vacancy/51331232				hh.ru
768	Сборщик заказов	https://hh.ru/vacancy/51331246				hh.ru
769	Сборщик заказов	https://hh.ru/vacancy/51331273				hh.ru
770	Сборщик заказов	https://hh.ru/vacancy/51331459				hh.ru
771	Сборщик заказов	https://hh.ru/vacancy/51331842				hh.ru
772	Сборщик заказов	https://hh.ru/vacancy/51331858				hh.ru
773	Сборщик заказов	https://hh.ru/vacancy/51332157				hh.ru
774	Сборщик заказов	https://hh.ru/vacancy/51332257				hh.ru
775	Сборщик заказов	https://hh.ru/vacancy/51332490				hh.ru
776	Сборщик заказов	https://hh.ru/vacancy/51332672				hh.ru
777	Сборщик заказов	https://hh.ru/vacancy/51332691				hh.ru
778	Сборщик заказов	https://hh.ru/vacancy/51332858				hh.ru
779	Кладовщик / Комплектовщик	https://hh.ru/vacancy/51332899				hh.ru
780	Сборщик заказов	https://hh.ru/vacancy/51329530				hh.ru
781	Сборщик заказов	https://hh.ru/vacancy/51329859				hh.ru
782	Сборщик заказов	https://hh.ru/vacancy/51329935				hh.ru
783	Сборщик заказов	https://hh.ru/vacancy/51330157				hh.ru
784	Сборщик заказов	https://hh.ru/vacancy/51330178				hh.ru
785	Сборщик заказов	https://hh.ru/vacancy/51330189				hh.ru
786	Сборщик заказов	https://hh.ru/vacancy/51330379				hh.ru
787	Сборщик заказов	https://hh.ru/vacancy/51330750				hh.ru
788	Сборщик заказов	https://hh.ru/vacancy/51331194				hh.ru
789	Сборщик заказов	https://hh.ru/vacancy/51331199				hh.ru
790	Сборщик заказов	https://hh.ru/vacancy/51331208				hh.ru
791	Сборщик заказов	https://hh.ru/vacancy/51331358				hh.ru
792	Сборщик заказов	https://hh.ru/vacancy/51331392				hh.ru
793	Сборщик заказов	https://hh.ru/vacancy/51331571				hh.ru
794	Сборщик заказов	https://hh.ru/vacancy/51331681				hh.ru
795	Сборщик заказов	https://hh.ru/vacancy/51331861				hh.ru
796	Сборщик заказов	https://hh.ru/vacancy/51331903				hh.ru
797	Сборщик заказов	https://hh.ru/vacancy/51332047				hh.ru
798	Сборщик заказов	https://hh.ru/vacancy/51332158				hh.ru
799	Сборщик заказов	https://hh.ru/vacancy/51332355				hh.ru
